<?xml version="1.0" encoding="UTF-8"?>
<!DOCTYPE install SYSTEM "http://dev.joomla.org/xml/1.5/component-install.dtd">

<install type="component" method="upgrade" version="1.0.0">
    <name>com_training</name>
    <author>Trent A. Riley (VPS)</author>
    <creationDate>February 2013</creationDate>
    <copyright>Copyright (C) 2013</copyright>
    <license>GNU General Public Licesnse version 2 or later</license>
    <authorEmail>trentr@threerivershospital.com</authorEmail>
    <authorURL>http://192.168.2.26</authorURL>
    <version>1.0.0</version>
    <description>Component to manage training and testing.</description>
    
    <files folder="site">
        <filename>training.php</filename>
        <filename>index.html</filename>
    </files>

    <install>
        <sql>
            <file charset="utf8" driver="mysql">install.training.sql</file>
        </sql>
    </install>
    
    <uninstall>
        <sql>
            <file charset="utf8" driver="mysql">uninstall.training.sql</file>
        </sql>
    </uninstall>

    <administration>
        <menu link="option=com_training">COM_TRAINING</menu>
        
        <files folder="admin">
            <filename>training.php</filename>
            <filename>index.html</filename>
            <filename>install.training.sql</filename>
            <filename>manifest.xml</filename>
            <filename>uninstall.training.sql</filename>
        </files>        
    </administration>
        
</install>